node1,node2,signYear,EIFYear,endYearEstimated,type,category
190,30,1984,1984,2010,sector,PROCUREMENT
190,30,1994,1994,2010,general,DCA
190,30,1996,1996,2010,sector,PROCUREMENT
190,30,1996,1996,2010,sector,RESEARCH
190,30,1999,,2005,sector,PROCUREMENT
190,30,2002,,2008,general,DCA
190,36,2009,2009,2010,sector,RESEARCH
190,36,2009,2009,2010,general,DCA
190,23,1983,1984,2010,general,DIC
190,23,1984,1984,2010,general,DIC
190,23,2010,,2010,general,DCA
190,139,2006,,2010,general,DCA
190,34,1996,,2002,general,DCA
190,34,2008,2008,2010,sector,RESEARCH
190,6,1992,1992,2010,sector,TREX
190,6,1998,1998,2010,sector,RESEARCH
190,6,1999,,2010,sector,COMMISSION
190,6,2000,,2006,sector,RESEARCH
190,6,2008,,2010,sector,TREX
190,189,1988,1988,2010,sector,RESEARCH
190,189,1993,1993,2010,general,DCA
190,189,1994,1994,2010,sector,RESEARCH
190,189,1994,,2000,general,DIC
190,189,2000,2000,2010,sector,RESEARCH
190,189,2004,2004,2010,general,DIC
190,126,1998,1998,2010,sector,RESEARCH
190,103,2010,2010,2010,general,DIC
190,61,1994,1994,2010,sector,RESEARCH
190,172,1988,1988,2010,general,DIC
190,172,2007,2007,2010,general,DIC
190,166,1980,1980,2010,sector,RESEARCH
190,166,1982,1982,2010,general,DIC
190,166,1988,1989,2010,general,DCA
190,166,2002,,2008,general,DIC
190,166,2002,,2010,general,DCA
190,143,1995,1995,2010,general,DCA
190,65,1995,1995,2009,sector,RESEARCH
190,65,2009,2009,2010,sector,RESEARCH
190,142,1995,1995,2010,sector,RESEARCH
190,9,1991,1991,2010,sector,PROCUREMENT
190,77,1995,1995,2010,sector,RESEARCH
190,46,1996,1996,2006,sector,RESEARCH
190,46,2008,2008,2010,sector,RESEARCH
190,46,2009,2009,2010,sector,TREX
190,160,1994,,2000,sector,COMMISSION
190,160,1995,,2001,sector,PROCUREMENT
190,85,2006,2006,2010,sector,RESEARCH
190,85,2008,2009,2010,general,DIC
190,1,1993,,1999,general,DCA
190,1,2003,2003,2010,general,DCA
190,104,2004,2004,2010,general,DCA
190,43,1994,,2000,general,DCA
190,43,1995,,2001,sector,TREX
190,43,2003,2003,2010,general,DCA
190,206,2006,2009,2010,general,DCA
190,21,2005,2005,2010,general,DCA
190,21,2008,,2010,sector,TREX
190,161,1995,,2001,general,DCA
190,161,1999,2000,2010,general,DCA
190,67,1983,1983,2010,general,DCA
190,67,1986,1986,2010,general,DIC
190,67,1990,1990,2010,general,DCA
190,25,1994,,2000,general,DCA
190,25,2006,2006,2010,general,DCA
190,116,1995,1995,2010,general,DCA
190,116,1997,1997,2010,general,DCA
190,146,1998,2003,2010,general,DCA
190,57,2002,2002,2009,general,DCA
190,96,1995,,2001,general,DCA
190,102,1994,,2000,general,DCA
190,102,1997,1997,2010,sector,RESEARCH
190,102,2009,2010,2010,general,DCA
190,187,1993,1993,1999,general,DCA
190,187,2000,2001,2010,sector,RESEARCH
190,15,1993,,1999,sector,COMMISSION
190,7,2001,,2007,general,DCA
190,7,2002,,2008,general,DCA
190,7,2003,,2009,general,DCA
190,64,1997,1997,2010,general,DCA
190,64,1998,,2004,general,DCA
190,64,2002,2003,2010,general,DCA
190,64,2005,,2010,sector,TREX
190,10,1999,2003,2010,general,DCA
190,10,2000,,2006,general,DCA
190,10,2000,,2006,sector,TREX
190,10,2002,,2008,general,DCA
190,60,1991,,2009,general,DIC
190,60,1995,1995,2010,sector,RESEARCH
190,60,2005,,2010,general,DCA
190,60,2008,2009,2010,general,DIC
190,171,1987,1987,2010,general,DIC
190,171,1997,1997,2010,sector,RESEARCH
190,171,1997,1997,2010,sector,RESEARCH
190,171,1999,1999,2010,sector,TREX
190,47,1980,1980,2010,general,DIC
190,18,1996,1996,2010,sector,COMMISSION
190,62,2006,,2010,sector,TREX
190,148,2004,,2010,sector,TREX
190,197,1992,,1998,sector,TREX
190,164,2001,2001,2010,sector,RESEARCH
190,120,1982,,1988,sector,COMMISSION
190,2,2010,,2010,general,DCA
190,183,1980,1980,2010,general,DIC
190,183,1980,1980,2010,general,DCA
190,183,1981,,1987,sector,COMMISSION
190,183,1982,,1988,general,DCA
190,53,1988,1988,2010,general,DIC
190,173,1998,1998,2010,sector,RESEARCH
190,84,1987,1987,2010,general,DIC
190,84,1988,1988,2010,sector,COMMISSION
190,84,1989,1989,1994,sector,RESEARCH
190,84,1996,1996,2010,sector,RESEARCH
190,84,1998,,2004,general,DCA
190,154,1982,,1988,sector,COMMISSION
190,154,1999,,2005,sector,TREX
190,196,2009,,2010,sector,TREX
190,93,1991,,2001,general,DCA
190,12,1991,,1997,general,DCA
190,144,1992,,1998,general,DCA
190,188,1994,,2000,general,DCA
190,192,1998,,2004,general,DCA
190,192,2000,,2006,general,DCA
190,192,2001,2001,2010,general,DCA
190,192,2009,,2010,sector,TREX
190,89,1996,,2002,sector,COMMISSION
190,89,1997,,2003,general,DCA
190,89,2002,,2008,sector,TREX
190,118,1996,,2002,sector,TREX
190,145,1988,1988,2010,general,DIC
190,145,1991,1991,2010,sector,COMMISSION
190,145,1996,1996,2010,sector,RESEARCH
190,145,2009,2009,2010,sector,RESEARCH
190,87,1983,1983,2010,general,DIC
190,87,1990,,1996,sector,RESEARCH
190,79,1991,,1997,sector,TREX
190,79,1995,,2001,general,DIC
190,79,2004,2004,2010,sector,RESEARCH
190,79,2005,,2010,general,DIC
190,79,2006,2006,2010,sector,RESEARCH
190,134,1995,,2001,sector,COMMISSION
190,13,1989,1989,2010,sector,TREX
190,159,1995,1995,2010,sector,RESEARCH
190,159,1998,1998,2010,sector,RESEARCH
190,159,2003,2003,2010,sector,RESEARCH
190,159,2005,2005,2010,general,DCA
190,24,1994,,2000,general,DCA
190,80,2010,2010,2010,general,DCA
190,8,1994,1994,2010,sector,RESEARCH
190,8,1995,1995,2010,sector,PROCUREMENT
190,8,1995,1995,2010,general,DCA
190,8,2007,2013,2010,sector,PROCUREMENT
190,127,1996,1996,2010,general,DCA
190,127,2010,2010,2010,sector,RESEARCH
30,17,1985,,1991,sector,TREX
30,169,2004,,2010,sector,TREX
30,189,2006,,2010,sector,TREX
30,16,1987,1987,2010,general,DIC
30,166,1991,,1997,general,DIC
30,166,1993,,1999,general,DIC
30,142,1994,,2010,general,DCA
30,46,1994,1994,2010,general,DCA
30,160,1995,,2001,general,DCA
30,1,2005,2005,2010,sector,TREX
30,21,2005,,2010,sector,TREX
30,25,1999,,2005,general,DCA
30,146,1993,1993,2010,general,DCA
30,146,1993,1994,2010,sector,COMMISSION
30,146,1999,,2005,general,DIC
30,147,1992,1993,2010,general,DCA
30,57,1997,1997,2003,general,DCA
30,96,2009,,2010,general,DCA
30,187,1994,1994,2010,sector,COMMISSION
30,187,1994,1999,2010,general,DCA
30,171,2004,2004,2010,general,DIC
30,164,1998,,2004,general,DIC
30,145,1996,,2002,general,DIC
30,87,1999,,2005,sector,COMMISSION
30,87,2010,2010,2010,sector,COMMISSION
30,141,2008,,2010,sector,TREX
44,166,1995,,2001,general,DCA
44,147,1997,,2003,general,DCA
44,147,2000,,2006,sector,PROCUREMENT
44,147,2006,2007,2010,sector,PROCUREMENT
44,4,2002,,2008,sector,TREX
44,35,2000,,2006,general,DCA
50,23,2010,,2010,general,DCA
69,23,2006,2009,2010,general,DCA
69,34,2003,,2010,general,DCA
69,166,2006,,2010,general,DCA
75,23,2007,,2010,general,DCA
75,6,2006,2006,2010,general,DCA
75,166,2006,,2010,general,DCA
54,140,2008,,2010,general,DCA
54,23,2007,,2010,general,DCA
54,6,2009,,2010,general,DCA
54,166,2006,,2010,general,DCA
128,166,2006,,2010,general,DCA
128,147,2001,,2010,sector,PROCUREMENT
137,85,2010,2010,2010,general,DIC
36,23,2003,2003,2010,general,DCA
36,23,2008,,2010,general,DCA
36,61,1996,1996,2010,general,DIC
36,46,2006,2006,2010,general,DIC
36,147,1996,1996,2010,general,DIC
194,52,2009,,2010,general,DCA
194,20,2008,,2010,general,DCA
194,6,2004,,2010,general,DIC
194,166,2005,,2010,general,DIC
194,147,2001,2007,2010,general,DIC
194,147,2009,,2010,general,DCA
194,15,2006,,2010,sector,PROCUREMENT
194,15,2007,,2010,general,DCA
194,81,2009,,2010,sector,COMMISSION
194,145,1999,,2005,general,DIC
72,23,2009,,2010,general,DCA
169,23,2008,,2010,general,DCA
52,23,2007,2012,2010,general,DCA
52,34,1999,,2005,general,DCA
52,34,2010,,2010,general,DIC
52,6,2007,2007,2010,general,DCA
52,191,2010,2012,2010,general,DCA
52,166,2005,,2010,sector,COMMISSION
52,166,2008,,2010,general,DCA
52,147,2008,2009,2010,sector,PROCUREMENT
140,23,2006,2010,2010,general,DCA
140,23,2006,2006,2010,sector,COMMISSION
140,34,2001,2001,2010,sector,COMMISSION
140,6,2006,2009,2010,sector,COMMISSION
140,6,2008,2008,2010,sector,RESEARCH
140,61,2003,2004,2010,sector,PROCUREMENT
140,166,2006,,2010,general,DCA
140,166,2010,,2010,general,DIC
140,142,2008,2010,2010,general,DCA
140,85,2002,2003,2010,general,DIC
140,85,2010,,2010,general,DIC
140,147,1996,1996,2010,sector,PROCUREMENT
140,147,2004,2007,2010,general,DIC
140,187,2010,,2010,general,DCA
140,84,2008,,2010,general,DIC
140,145,2010,,2010,sector,PROCUREMENT
140,79,2006,,2010,general,DCA
23,20,2007,2010,2010,general,DCA
23,139,1995,1996,2010,general,DCA
23,139,2007,,2010,general,DCA
23,139,2007,2007,2010,sector,COMMISSION
23,34,2000,2000,2010,sector,COMMISSION
23,34,2007,2009,2010,general,DCA
23,6,1997,1997,2003,sector,COMMISSION
23,6,2005,2007,2010,general,DCA
23,6,2005,2008,2010,general,DIC
23,6,2010,,2010,sector,COMMISSION
23,191,2010,,2010,general,DCA
23,189,1981,1981,2010,sector,TREX
23,189,2000,2000,2010,sector,COMMISSION
23,189,2010,,2010,general,DCA
23,61,1982,,1988,sector,PROCUREMENT
23,61,2008,2008,2010,general,DCA
23,166,2010,,2010,general,DCA
23,143,2005,2009,2010,general,DCA
23,65,2002,2002,2010,general,DCA
23,65,2010,,2010,general,DCA
23,142,2010,,2010,general,DCA
23,46,2010,,2010,general,DCA
23,160,1997,1997,2010,general,DCA
23,85,2008,2011,2010,general,DCA
23,85,2010,2010,2010,sector,PROCUREMENT
23,206,2010,2012,2010,general,DCA
23,147,2002,,2010,sector,PROCUREMENT
23,147,2008,2010,2010,general,DIC
23,187,2003,2006,2010,general,DCA
23,187,2010,,2010,general,DCA
23,171,2000,2000,2010,general,DIC
23,171,2001,2001,2010,sector,TREX
23,31,1987,,1993,sector,TREX
23,31,1994,,2010,sector,TREX
23,153,2010,,2010,general,DCA
23,71,2006,,2010,general,DCA
23,55,2010,,2010,general,DCA
23,155,2010,,2010,general,DCA
23,130,2010,,2010,general,DCA
23,4,2010,,2010,general,DCA
23,121,2009,,2010,general,DCA
23,164,2003,,2010,general,DCA
23,123,2009,,2010,general,DCA
23,183,2003,2007,2010,general,DCA
23,84,2010,,2010,general,DIC
23,154,1984,1984,1994,general,DIC
23,35,2004,,2010,sector,RESEARCH
23,145,2006,2008,2010,general,DCA
23,79,2003,2006,2010,general,DCA
23,178,2010,,2010,general,DCA
20,20,2006,,2010,general,DCA
20,34,2008,,2010,general,DCA
20,6,1996,2002,2010,sector,COMMISSION
20,166,2001,,2007,general,DCA
20,147,2009,,2010,sector,PROCUREMENT
139,6,1996,,2002,sector,COMMISSION
139,6,1997,,2003,general,DCA
139,6,2007,2009,2010,sector,COMMISSION
139,6,2008,2008,2010,general,DCA
139,191,2010,2012,2010,general,DCA
34,6,1995,,2001,sector,COMMISSION
34,6,2001,2001,2006,sector,RESEARCH
34,191,2007,2009,2010,general,DCA
34,189,1991,,1997,sector,TREX
34,61,1996,,2002,sector,COMMISSION
34,166,1997,,2010,general,DCA
34,166,1997,,2003,sector,COMMISSION
34,166,2004,,2009,general,DIC
34,65,1993,,1999,general,DCA
34,65,1996,,2002,general,DCA
34,85,1997,2001,2010,general,DIC
34,67,2004,,2010,general,DCA
34,147,1997,,2003,sector,PROCUREMENT
34,147,2002,,2008,sector,PROCUREMENT
34,147,2004,,2010,general,DIC
34,147,2009,,2010,general,DCA
34,171,1997,1997,2010,general,DIC
34,164,2006,2009,2010,general,DCA
34,183,2004,2007,2010,general,DCA
34,79,2007,,2010,general,DCA
34,107,1993,1993,2010,general,DCA
6,191,2010,2010,2010,sector,COMMISSION
6,189,1998,1998,2010,general,DCA
6,16,2001,,2007,general,DCA
6,61,1998,2004,2010,general,DCA
6,61,2002,,2008,sector,TREX
6,166,1989,,2010,general,DIC
6,166,1992,,1998,general,DCA
6,166,1998,,2004,general,DIC
6,166,2005,2005,2010,general,DCA
6,166,2008,2008,2010,sector,COMMISSION
6,143,2004,,2010,general,DCA
6,85,1992,,1998,general,DIC
6,85,1992,1997,2010,general,DCA
6,85,2010,,2010,general,DIC
6,147,1992,1992,2010,general,DIC
6,147,2004,2007,2010,sector,PROCUREMENT
6,187,1998,1998,2010,general,DCA
6,164,1997,,2003,sector,TREX
6,164,2010,2010,2010,general,DCA
6,120,2009,2009,2010,general,DCA
6,183,1995,,2001,sector,RESEARCH
6,84,2010,2010,2010,general,DIC
6,35,2007,2007,2010,general,DCA
191,143,2007,2012,2010,general,DCA
191,147,2002,2004,2010,general,DIC
189,61,2010,2011,2010,general,DCA
189,172,2002,2002,2010,general,DCA
189,172,2004,2004,2010,sector,TREX
189,166,1985,1985,2010,general,DIC
189,166,1985,,1991,sector,RESEARCH
189,166,2001,,2007,general,DIC
189,46,1997,,2003,general,DCA
189,46,1999,1999,2010,general,DIC
189,160,1993,,1999,general,DCA
189,160,1998,,2004,sector,TREX
189,160,1998,,2010,general,DCA
189,1,1993,1993,2010,general,DCA
189,1,2003,,2009,sector,TREX
189,104,1996,,2002,general,DCA
189,43,1998,,2004,general,DCA
189,43,2002,,2008,general,DCA
189,43,2006,2007,2010,sector,TREX
189,206,2002,2002,2010,general,DCA
189,206,2009,2010,2010,general,DCA
189,161,1995,1995,2010,general,DCA
189,161,1998,1999,2010,general,DIC
189,161,2004,,2010,sector,TREX
189,67,1983,,1989,sector,COMMISSION
189,25,1995,,2001,general,DCA
189,25,2007,,2010,general,DIC
189,116,2006,,2010,general,DCA
189,57,1994,1994,2000,general,DCA
189,57,2010,,2010,sector,PROCUREMENT
189,96,1994,,2000,general,DCA
189,102,1994,,2010,general,DCA
189,102,1997,,2003,sector,TREX
189,187,1993,1993,1999,general,DCA
189,187,2001,,2007,general,DCA
189,15,1994,,2000,general,DCA
189,7,2004,,2010,general,DCA
189,64,1996,1996,2006,general,DCA
189,64,1999,,2005,general,DCA
189,10,2004,,2010,general,DCA
189,60,1993,,1999,general,DIC
189,171,1994,1994,2010,general,DIC
189,132,1986,1986,1992,general,DIC
189,158,1997,,2003,sector,TREX
189,130,2001,,2007,sector,TREX
189,130,2008,,2010,sector,TREX
189,90,2006,,2010,sector,TREX
189,164,1997,1997,2010,sector,RESEARCH
189,164,1997,1997,2007,general,DCA
189,164,1997,,2003,general,DIC
189,164,2007,2007,2010,general,DCA
189,2,2009,,2010,sector,TREX
189,84,1998,,2004,sector,RESEARCH
189,154,1988,,1994,sector,PROCUREMENT
189,154,2005,,2010,sector,PROCUREMENT
189,93,1992,,1998,sector,PROCUREMENT
189,12,1992,,1998,general,DCA
189,12,2000,,2006,general,DCA
189,144,1996,,2002,sector,TREX
189,188,1996,,2002,general,DCA
189,94,2006,2006,2010,general,DCA
189,89,2000,2000,2010,general,DCA
189,79,1983,,1989,general,DIC
189,79,1988,,1994,general,DIC
189,79,1993,,1999,general,DIC
189,134,2005,,2010,sector,TREX
189,177,1990,,1996,sector,PROCUREMENT
189,107,1988,,1994,general,DIC
189,107,1998,,2004,general,DCA
189,141,1996,,2006,general,DCA
189,8,1988,,1994,general,DIC
83,172,2008,2008,2010,general,DIC
126,61,1984,,1990,general,DIC
126,172,2004,2004,2010,general,DIC
126,172,2007,2008,2010,sector,TREX
126,166,1985,1985,2010,general,DIC
126,65,2006,2007,2010,general,DCA
126,46,1995,1995,2010,general,DCA
126,160,1995,,2001,general,DCA
126,160,2008,,2010,general,DCA
126,1,1998,,2004,general,DCA
126,104,1997,,2003,sector,TREX
126,161,1999,,2005,general,DCA
126,25,1996,,2002,general,DCA
126,25,2000,,2006,sector,RESEARCH
126,96,2008,,2010,general,DCA
126,102,1996,,2002,general,DCA
126,102,1998,,2004,general,DCA
126,102,2008,,2010,general,DCA
126,187,1995,,2001,general,DCA
126,187,1996,,2002,general,DCA
126,187,1996,1996,2010,general,DCA
126,64,2006,,2008,general,DCA
126,60,1996,,2002,general,DIC
126,164,2005,2005,2010,general,DCA
126,183,1988,,1994,sector,PROCUREMENT
126,93,1995,,2001,sector,PROCUREMENT
126,145,1996,,2002,general,DIC
126,134,2006,,2010,general,DCA
16,172,2007,2007,2010,general,DIC
16,166,1985,1987,2010,sector,RESEARCH
16,142,1993,,1995,sector,TREX
16,77,1989,1989,2010,general,DCA
16,46,1994,,2000,general,DCA
16,160,1994,,2000,general,DCA
16,1,2005,2005,2010,general,DCA
16,43,2002,2002,2010,general,DCA
16,206,2003,2004,2010,general,DCA
16,161,2001,2002,2010,general,DCA
16,25,1994,,2000,general,DCA
16,116,2004,,2010,general,DCA
16,146,1993,,1999,general,DCA
16,57,2002,,2008,general,DCA
16,96,2001,,2007,general,DCA
16,96,2002,,2008,sector,TREX
16,102,1994,,2000,general,DCA
16,102,2001,,2010,general,DCA
16,187,2002,2002,2010,general,DCA
16,18,1999,,2005,general,DCA
16,18,2006,,2010,sector,TREX
16,18,2008,,2010,general,DCA
16,39,2008,,2010,sector,TREX
16,27,2005,,2010,general,DCA
16,148,2009,,2010,sector,COMMISSION
16,164,2006,2006,2010,general,DCA
16,182,2009,2009,2010,general,DCA
16,183,1987,1987,2010,general,DCA
16,183,1990,1990,2010,sector,TREX
16,195,2003,,2009,general,DCA
103,160,2002,,2008,general,DCA
103,160,2003,,2009,general,DCA
103,102,2002,,2008,general,DCA
61,172,2000,2000,2010,general,DIC
61,172,2003,2003,2010,sector,TREX
61,172,2004,2004,2010,general,DIC
61,166,1983,1985,2010,general,DCA
61,166,1996,,2002,general,DIC
61,143,1999,2000,2010,general,DCA
61,220,1988,,1994,sector,COMMISSION
61,142,1992,1992,2002,general,DCA
61,142,2002,2002,2010,general,DCA
61,207,1992,1992,2010,general,DCA
61,46,1992,1992,2010,general,DCA
61,160,1994,,2000,general,DCA
61,160,2009,2011,2010,general,DCA
61,1,1994,,2000,general,DCA
61,1,1996,1996,2010,general,DCA
61,104,1996,,2002,general,DCA
61,43,1997,,2003,general,DCA
61,161,2002,2002,2010,general,DCA
61,67,1992,,1998,sector,COMMISSION
61,67,2008,,2010,general,DIC
61,45,2007,2010,2010,general,DCA
61,25,1992,,1998,general,DCA
61,116,2002,,2008,sector,TREX
61,146,1998,2004,2010,general,DCA
61,147,1994,1994,2004,general,DCA
61,147,1994,1994,2010,general,DIC
61,57,1994,1994,2010,general,DCA
61,96,1994,,2000,sector,TREX
61,102,1994,,2000,general,DCA
61,187,1996,1996,2010,general,DIC
61,15,2007,,2010,general,DCA
61,7,2010,,2010,general,DCA
61,64,1997,1997,2010,general,DCA
61,64,2003,,2009,general,DCA
61,64,2004,,2010,general,DCA
61,60,1995,,2001,general,DIC
61,171,1992,,1998,general,DIC
61,171,1993,1993,2010,general,DIC
61,132,1987,,1993,general,DCA
61,179,2009,,2010,general,DCA
61,29,2009,,2010,general,DCA
61,130,2009,,2010,general,DCA
61,164,1998,2004,2010,general,DCA
61,37,2010,,2010,general,DCA
61,100,2005,,2010,sector,COMMISSION
61,100,2007,2007,2010,general,DCA
61,168,1980,,1986,sector,PROCUREMENT
61,183,2000,2000,2010,general,DCA
61,82,1983,,1989,sector,PROCUREMENT
61,82,2009,,2010,sector,PROCUREMENT
61,88,1995,,2001,general,DCA
61,84,1994,,2000,general,DIC
61,154,2006,,2010,general,DIC
61,196,2005,2005,2010,general,DCA
61,93,1992,,1998,sector,TREX
61,93,2006,,2010,sector,PROCUREMENT
61,93,2009,,2010,general,DCA
61,144,1998,,2004,general,DCA
61,188,1998,,2004,sector,TREX
61,192,2000,,2006,sector,RESEARCH
61,89,2009,2011,2010,general,DCA
61,89,2009,2011,2010,sector,PROCUREMENT
61,145,1990,,1996,sector,PROCUREMENT
61,145,1999,,2005,general,DIC
61,87,2002,,2008,sector,TREX
61,79,1982,,1988,general,DCA
61,79,1983,,1989,general,DIC
61,79,2006,2006,2010,general,DCA
61,13,2003,,2009,sector,TREX
61,195,1997,,2003,general,DCA
61,195,2009,,2010,sector,PROCUREMENT
61,195,2010,,2010,general,DCA
61,107,1993,,1999,general,DCA
61,159,1998,2003,2010,general,DCA
61,24,1999,,2005,general,DCA
61,141,1994,1994,2010,general,DCA
61,80,1996,1996,2006,general,DIC
61,8,1990,1990,2010,sector,RESEARCH
61,8,2006,2009,2010,general,DCA
172,166,2001,,2007,general,DIC
172,166,2008,2008,2010,sector,TREX
172,65,2003,2003,2010,sector,TREX
172,65,2009,2009,2010,general,DIC
172,9,2004,2004,2010,sector,TREX
172,46,2008,2008,2010,general,DIC
172,85,2003,2008,2010,general,DIC
172,85,2004,2006,2010,sector,TREX
172,25,1995,,2001,general,DCA
172,96,2003,,2009,general,DCA
172,187,2002,2002,2010,general,DCA
172,60,2004,2004,2010,general,DIC
172,60,2005,2005,2010,sector,TREX
172,171,2004,2004,2010,general,DIC
172,132,2004,2004,2010,general,DIC
172,132,2005,2005,2010,sector,TREX
172,47,2007,2007,2010,general,DIC
166,143,1998,,2004,general,DCA
166,143,1999,,2005,general,DIC
166,65,1995,,2001,general,DIC
166,220,1989,,1995,sector,TREX
166,220,1989,,1995,sector,COMMISSION
166,142,1994,1994,2010,general,DCA
166,142,1996,,2002,sector,COMMISSION
166,142,1999,,2005,general,DIC
166,9,1998,,2004,general,DIC
166,77,1990,,1996,general,DCA
166,77,1995,,2001,general,DCA
166,77,2005,,2010,general,DIC
166,46,1995,,2001,general,DCA
166,46,1996,,2002,sector,COMMISSION
166,160,1999,1999,2010,general,DCA
166,85,1980,1984,2010,general,DIC
166,1,2005,2005,2010,general,DIC
166,104,2009,,2010,general,DCA
166,43,1999,,2005,general,DCA
166,206,2009,2010,2010,general,DCA
166,21,2006,,2010,general,DCA
166,161,1997,,2003,general,DCA
166,161,1997,,2003,sector,COMMISSION
166,67,1985,1987,2010,general,DCA
166,67,1985,,1991,sector,PROCUREMENT
166,25,1995,,2001,sector,COMMISSION
166,25,1995,,2001,general,DCA
166,25,2002,,2008,general,DCA
166,25,2005,,2010,general,DIC
166,146,1994,,2000,general,DCA
166,146,1994,,2000,sector,COMMISSION
166,147,1992,,1998,general,DCA
166,57,1999,,2005,general,DCA
166,96,2001,,2007,general,DCA
166,102,2001,,2007,general,DCA
166,187,1996,,2002,general,DCA
166,60,1997,,2003,general,DIC
166,171,2003,2003,2010,general,DIC
166,132,1985,1985,2010,general,DIC
166,132,2000,,2006,general,DIC
166,31,2006,,2010,general,DCA
166,112,1989,1990,2010,general,DCA
166,112,2000,,2006,sector,TREX
166,62,2010,,2010,general,DIC
166,121,2006,,2010,general,DIC
166,164,1997,1997,2010,general,DIC
166,164,2007,2007,2010,general,DCA
166,157,2010,,2010,general,DCA
166,120,1983,,1989,general,DCA
166,120,1983,,1989,sector,PROCUREMENT
166,120,1989,1990,2010,general,DCA
166,2,1989,,1995,general,DIC
166,2,2003,,2010,general,DCA
166,182,1987,1989,2010,general,DCA
166,100,2007,,2010,general,DCA
166,183,1999,,2004,general,DIC
166,88,2002,,2008,sector,COMMISSION
166,88,2002,,2007,general,DCA
166,84,1997,,2003,general,DIC
166,84,2004,,2010,sector,RESEARCH
166,84,2010,,2010,general,DCA
166,154,2008,,2010,general,DCA
166,188,2008,,2010,sector,RESEARCH
166,35,1989,,1995,general,DIC
166,145,1992,,1998,general,DIC
166,145,1993,,1999,sector,PROCUREMENT
166,145,2006,,2010,general,DCA
166,177,1994,,2000,sector,COMMISSION
166,195,2010,,2010,general,DIC
166,107,1997,,2003,sector,PROCUREMENT
166,107,2004,,2010,general,DCA
166,141,1998,,2004,sector,COMMISSION
166,80,2005,,2010,general,DIC
166,8,2008,,2010,general,DIC
143,142,1995,2001,2010,sector,COMMISSION
143,77,1996,1999,2010,general,DCA
143,46,1996,1998,2010,general,DCA
143,160,1999,2003,2010,general,DCA
143,206,2005,,2010,general,DIC
143,206,2009,2011,2010,general,DCA
143,161,1998,2003,2010,general,DCA
143,25,1995,,2001,general,DCA
143,25,1995,,2001,sector,COMMISSION
143,146,1995,2002,2010,general,DCA
143,147,2000,2003,2010,general,DCA
143,102,2002,,2008,general,DCA
143,187,2008,2010,2010,general,DCA
143,31,1984,,1990,sector,TREX
143,31,1988,1991,2010,sector,PROCUREMENT
143,153,1988,,2010,sector,PROCUREMENT
143,71,1989,1992,2010,sector,PROCUREMENT
143,112,2010,,2010,general,DCA
143,4,1996,2010,2010,general,DCA
143,4,2003,,2009,sector,TREX
143,121,1982,,1988,sector,TREX
143,121,1988,,2010,sector,PROCUREMENT
143,121,2010,,2010,sector,TREX
143,120,1993,1995,2010,general,DCA
143,2,2005,2008,2010,general,DCA
143,178,2004,2002,2010,sector,PROCUREMENT
65,142,1993,,2010,general,DCA
65,207,1992,,1998,general,DCA
65,46,1993,1993,2010,general,DCA
65,46,1996,1996,2010,sector,TREX
65,46,1997,1997,2010,general,DIC
65,160,1994,1994,2010,general,DCA
65,160,1994,,2000,sector,TREX
65,160,2008,,2010,sector,TREX
65,119,2007,,2010,general,DCA
65,104,1997,,2003,sector,TREX
65,43,2007,,2010,sector,RESEARCH
65,206,2006,2010,2010,general,DCA
65,161,1996,2003,2010,general,DCA
65,161,1997,2003,2010,general,DIC
65,161,1998,,2004,sector,TREX
65,25,1994,,2000,general,DCA
65,25,1999,,2005,general,DIC
65,25,2008,,2010,sector,TREX
65,116,2003,,2009,general,DCA
65,147,1996,1996,2010,general,DIC
65,57,1994,,2000,general,DCA
65,96,1994,,2000,general,DCA
65,102,1994,,2010,general,DCA
65,102,2004,,2010,general,DCA
65,102,2010,2010,2010,general,DCA
65,187,1993,1993,2010,general,DCA
65,187,1997,1998,2005,general,DIC
65,7,2007,2008,2010,general,DCA
65,10,2006,,2010,general,DCA
65,60,2003,,2009,general,DIC
65,171,1994,1994,2007,general,DIC
65,171,2009,2009,2010,general,DIC
65,164,1996,,2010,general,DCA
65,164,1999,1999,2010,general,DIC
65,182,2003,2003,2010,general,DCA
65,183,2009,2009,2010,general,DIC
65,88,2009,2009,2010,general,DCA
65,188,1997,,2003,sector,PROCUREMENT
65,89,2001,2001,2010,general,DCA
65,118,2008,2008,2010,general,DCA
65,79,2001,,2007,sector,COMMISSION
65,79,2006,,2010,general,DCA
142,207,1991,,1997,general,DCA
142,46,1996,1996,2010,general,DCA
142,46,1997,1997,2010,sector,TREX
142,46,1997,1997,2010,sector,RESEARCH
142,160,1993,,1999,general,DCA
142,160,2000,,2006,sector,TREX
142,1,1996,1996,2010,general,DCA
142,1,2003,2004,2010,general,DCA
142,104,1996,,2010,general,DCA
142,104,2010,2011,2010,general,DCA
142,161,1998,2000,2010,general,DCA
142,67,1992,1992,2010,general,DCA
142,67,2004,,2010,general,DIC
142,25,1994,,2000,general,DCA
142,116,1998,2004,2010,general,DCA
142,147,2003,2004,2010,general,DIC
142,57,1995,,2001,general,DCA
142,96,1992,1992,2010,general,DCA
142,96,2002,,2008,general,DCA
142,102,1993,,2001,general,DCA
142,102,1998,,2004,general,DCA
142,102,2001,2001,2010,general,DCA
142,102,2010,2011,2010,general,DCA
142,187,1993,1993,2010,general,DCA
142,187,1996,1996,2010,sector,TREX
142,187,1996,1999,2010,general,DIC
142,187,1996,1996,2010,sector,RESEARCH
142,15,1993,,1999,general,DCA
142,15,1994,,2000,general,DCA
142,7,2004,2005,2010,general,DCA
142,64,1996,1996,2010,general,DCA
142,10,2005,2010,2010,general,DCA
142,60,1997,,2005,general,DIC
142,60,2005,2005,2010,general,DIC
142,171,1994,1994,2010,general,DIC
142,132,1996,,2002,general,DCA
142,132,2010,,2010,general,DIC
142,47,1993,,1999,general,DCA
142,164,1999,2000,2010,general,DIC
142,183,1994,2000,2010,general,DIC
142,183,1997,1997,2010,general,DCA
142,183,1998,1998,2010,sector,TREX
142,82,2004,,2010,sector,PROCUREMENT
142,84,1994,,2000,general,DIC
142,84,2004,,2010,general,DIC
142,175,2003,,2009,general,DIC
142,192,2002,,2008,general,DCA
142,89,2007,2013,2010,general,DIC
142,35,2009,2009,2010,general,DCA
142,79,2003,2004,2010,general,DCA
142,195,2010,2010,2010,general,DCA
142,80,2004,,2010,general,DIC
142,80,2006,,2010,general,DCA
9,207,1992,1992,2010,general,DCA
9,46,1992,1992,2010,general,DCA
9,160,1993,,1999,general,DCA
9,1,1993,,1999,general,DCA
9,206,2006,2009,2010,general,DCA
9,161,1993,1993,2010,general,DCA
9,25,1993,,1999,general,DCA
9,146,1995,,2001,general,DCA
9,96,1998,,2004,general,DCA
9,187,1995,1995,2010,general,DCA
9,7,1994,,2000,general,DCA
9,60,1994,,2000,general,DIC
9,171,2006,2006,2010,general,DCA
9,81,2002,,2008,sector,PROCUREMENT
77,207,1991,1991,2010,general,DCA
77,46,1991,1991,2010,general,DCA
77,46,1999,2000,2010,sector,TREX
77,160,1993,,1999,general,DCA
77,160,1998,1999,2010,general,DCA
77,160,2009,2010,2010,general,DCA
77,1,1993,,1999,general,DCA
77,1,1995,,2001,general,DCA
77,104,2009,,2010,sector,TREX
77,43,1996,,2001,general,DCA
77,206,2010,2011,2010,general,DCA
77,161,1992,,1998,general,DCA
77,161,1998,2000,2010,general,DCA
77,161,2006,,2010,sector,TREX
77,67,2003,,2009,general,DIC
77,25,1991,,1997,general,DCA
77,25,2003,,2009,general,DCA
77,116,1997,,2003,general,DCA
77,146,1990,,2004,general,DCA
77,146,1996,1997,2010,general,DCA
77,146,2003,2004,2010,general,DCA
77,147,2002,2003,2010,general,DIC
77,96,1999,,2005,general,DCA
77,102,1997,,2003,general,DCA
77,187,1992,1992,2010,general,DCA
77,187,1993,1993,1999,sector,TREX
77,187,1995,1995,2001,general,DCA
77,187,1998,,2010,general,DCA
77,187,2003,2003,2010,general,DCA
77,187,2006,2006,2010,general,DIC
77,15,1995,,2001,general,DCA
77,7,2010,2011,2010,general,DCA
77,60,2005,,2010,general,DIC
77,171,1995,1995,2005,general,DIC
77,171,2004,2005,2010,general,DCA
77,183,1995,,2001,general,DIC
77,183,1997,1998,2010,sector,TREX
77,192,2009,,2010,sector,PROCUREMENT
77,35,2007,,2010,sector,TREX
77,79,2003,2004,2010,general,DCA
46,160,1994,1994,2010,general,DCA
46,160,1998,1998,2010,general,DIC
46,160,1999,,2005,general,DCA
46,160,2001,,2007,sector,TREX
46,160,2004,2004,2010,sector,TREX
46,85,1996,1999,2010,general,DCA
46,1,1999,1999,2010,general,DCA
46,104,2000,2000,2010,general,DCA
46,43,1998,1998,2010,general,DCA
46,206,2005,2005,2010,general,DCA
46,161,1993,1994,2010,general,DCA
46,67,2001,2011,2010,sector,TREX
46,25,1995,1995,2010,general,DCA
46,146,1995,1995,2001,general,DCA
46,147,2001,2002,2010,general,DIC
46,147,2002,2002,2010,general,DCA
46,57,1996,1996,2010,general,DCA
46,96,1993,,1999,general,DCA
46,96,1999,1999,2010,sector,RESEARCH
46,96,2000,2000,2010,general,DIC
46,96,2009,2009,2010,general,DCA
46,102,1993,1993,2010,general,DCA
46,187,1996,1996,2010,general,DCA
46,187,2002,2002,2010,sector,TREX
46,187,2006,2007,2010,general,DIC
46,15,1993,,2006,general,DCA
46,7,2010,2010,2010,general,DCA
46,64,1999,2001,2010,general,DCA
46,10,2009,2010,2010,general,DCA
46,60,1996,,2002,general,DIC
46,171,2002,2002,2010,general,DIC
46,132,1995,1995,2010,general,DCA
46,164,1999,1999,2010,general,DCA
46,182,2000,2000,2010,general,DCA
46,183,1997,1997,2010,general,DCA
46,183,1999,2002,2010,general,DIC
46,183,2004,2004,2010,sector,TREX
46,53,1998,1998,2010,general,DCA
46,88,2009,2012,2010,general,DCA
46,84,2009,,2010,sector,RESEARCH
46,79,2003,2003,2010,general,DIC
46,195,2009,2009,2010,sector,TREX
46,141,2004,2004,2010,general,DCA
46,80,2006,2013,2010,general,DCA
160,85,1997,,2003,general,DCA
160,1,2008,2009,2010,general,DCA
160,119,2010,,2010,general,DCA
160,104,2000,,2006,general,DCA
160,43,1997,,2003,general,DCA
160,206,2005,,2010,general,DCA
160,161,1997,1999,2010,general,DCA
160,67,1998,,2004,general,DCA
160,67,1999,1999,2010,sector,TREX
160,25,1995,,2001,general,DCA
160,116,2005,2006,2010,general,DCA
160,146,1993,1993,2010,general,DCA
160,147,1993,,1999,sector,PROCUREMENT
160,147,1995,,2001,general,DCA
160,147,1997,1998,2010,general,DIC
160,57,2001,,2007,general,DCA
160,96,2000,,2006,general,DCA
160,102,2002,2002,2010,general,DCA
160,187,1993,1993,2010,general,DCA
160,187,1996,,2002,general,DIC
160,187,2000,,2006,sector,TREX
160,187,2000,2001,2010,general,DIC
160,187,2002,,2008,sector,COMMISSION
160,7,2010,,2010,general,DCA
160,60,2002,,2008,general,DCA
160,132,1997,,2003,general,DCA
160,47,1999,,2005,general,DCA
160,164,1997,1997,2010,general,DCA
160,183,1997,1997,2010,general,DCA
160,183,1997,,2003,general,DIC
160,183,1997,1997,2010,sector,TREX
160,188,1999,1999,2010,general,DCA
160,192,1996,,2002,general,DCA
160,89,1997,1997,2010,general,DCA
160,89,2008,2008,2010,general,DCA
160,35,2000,2000,2010,general,DCA
160,79,1995,,2001,general,DCA
85,110,2004,2009,2010,general,DCA
85,1,1995,1999,2010,general,DCA
85,1,2000,,2006,general,DCA
85,104,1997,2007,2010,general,DCA
85,43,2000,2003,2010,general,DCA
85,206,2003,2006,2010,general,DCA
85,161,1996,1999,2010,general,DCA
85,67,1984,1984,2010,sector,PROCUREMENT
85,25,1995,2003,2010,general,DCA
85,116,2006,2010,2010,general,DCA
85,147,1996,2000,2010,general,DCA
85,147,1996,,2002,general,DIC
85,57,1998,2001,2010,general,DCA
85,96,1998,2003,2010,sector,TREX
85,102,1999,2008,2010,general,DCA
85,187,1998,2001,2010,general,DCA
85,187,2007,2008,2010,general,DIC
85,64,1997,2004,2010,general,DCA
85,64,1999,,2005,sector,TREX
85,60,1998,2005,2010,general,DIC
85,171,1997,2003,2010,general,DIC
85,48,2002,2004,2010,general,DCA
85,164,1997,2001,2010,general,DIC
85,2,2003,2005,2010,general,DCA
85,182,1985,,1991,sector,TREX
85,182,1991,1999,2010,general,DCA
85,53,1998,,2004,general,DCA
85,97,2004,2006,2010,general,DCA
85,88,2002,2004,2010,general,DCA
85,154,1993,,2009,general,DCA
85,154,1993,,1999,general,DIC
85,154,2007,2009,2010,general,DCA
85,93,1993,,1999,general,DCA
85,188,2003,2010,2010,general,DCA
85,133,2004,2006,2010,general,DCA
85,192,1999,2004,2010,general,DCA
85,35,1985,,1991,sector,TREX
85,145,1984,,1998,general,DIC
85,145,1993,1998,2010,general,DIC
85,79,1985,,1991,sector,RESEARCH
85,79,1994,2003,2010,general,DIC
85,79,2003,2009,2010,general,DCA
85,134,2009,2013,2010,general,DCA
85,195,2000,2000,2010,general,DCA
85,107,1993,1998,2010,general,DCA
85,141,2004,2004,2010,general,DCA
85,80,1997,,2007,general,DIC
110,100,1984,,1990,sector,TREX
110,100,1984,,1989,general,DCA
1,119,2008,,2010,general,DCA
1,104,1998,,2003,general,DCA
1,104,2002,,2008,general,DCA
1,104,2006,,2010,sector,TREX
1,43,1994,1994,2010,general,DCA
1,43,2003,,2009,general,DCA
1,161,1994,1994,2010,general,DCA
1,67,1992,,1998,general,DCA
1,67,1995,,2001,general,DCA
1,67,1997,,2003,sector,TREX
1,67,1997,,2003,sector,PROCUREMENT
1,67,1998,,2004,sector,TREX
1,67,2003,,2009,general,DCA
1,25,1993,1993,2010,general,DCA
1,25,1993,,1999,general,DIC
1,25,2005,,2010,general,DCA
1,146,1992,1992,2004,general,DCA
1,146,2003,2004,2010,general,DCA
1,146,2007,,2010,sector,TREX
1,96,2005,,2010,general,DCA
1,102,2004,,2010,general,DCA
1,187,1997,2003,2010,general,DCA
1,183,1992,,1998,sector,RESEARCH
1,183,1992,1993,2010,general,DIC
1,183,1992,,1998,sector,TREX
1,183,2001,,2007,general,DCA
1,188,2008,,2010,general,DCA
1,35,2005,,2010,general,DCA
1,107,1994,,2000,general,DCA
119,104,2007,2007,2010,general,DCA
119,43,2007,,2010,general,DCA
119,206,2007,2011,2010,general,DCA
119,21,2007,,2010,general,DCA
119,21,2010,2011,2010,general,DCA
119,161,2007,,2010,general,DCA
119,67,2007,,2010,general,DCA
119,25,2009,2009,2010,general,DCA
119,146,2008,,2010,general,DCA
119,57,2009,,2010,general,DCA
119,96,2008,,2010,general,DCA
104,43,2000,,2006,general,DCA
104,43,2010,,2010,general,DCA
104,206,2001,2001,2010,general,DCA
104,206,2004,,2010,sector,COMMISSION
104,206,2009,2010,2010,general,DCA
104,21,2006,,2010,general,DCA
104,161,1994,1995,2010,general,DCA
104,67,1999,,2005,sector,COMMISSION
104,67,2000,,2006,general,DCA
104,67,2002,,2008,sector,TREX
104,25,1999,,2005,general,DCA
104,25,2000,,2006,sector,TREX
104,25,2001,,2007,sector,PROCUREMENT
104,147,2003,2005,2010,general,DIC
104,102,2008,,2010,general,DCA
104,102,2010,,2010,general,DCA
104,187,2000,2002,2010,general,DIC
104,183,1995,,2001,sector,COMMISSION
43,206,2010,2011,2010,general,DCA
43,21,2006,,2010,general,DCA
43,161,2003,2004,2010,general,DCA
43,67,2000,,2006,general,DCA
43,67,2002,,2008,sector,TREX
43,25,1996,,2002,general,DCA
43,25,2007,,2010,sector,TREX
43,146,1997,,2003,general,DCA
43,147,1998,2003,2010,sector,PROCUREMENT
43,96,2004,,2010,general,DCA
43,187,1996,1996,2002,general,DCA
43,187,1996,1996,2010,general,DCA
43,187,2002,2008,2010,general,DIC
43,171,2007,2007,2010,general,DCA
43,47,2003,,2009,general,DCA
43,183,1996,2004,2010,general,DCA
43,183,1996,2004,2010,sector,TREX
43,183,2001,2002,2010,general,DIC
43,84,1997,,2003,sector,RESEARCH
43,84,1999,,2005,general,DIC
43,35,1998,,2004,general,DIC
206,21,2005,2006,2010,general,DCA
206,21,2006,,2010,sector,TREX
206,161,2009,2009,2010,general,DCA
206,67,2001,,2007,sector,TREX
206,67,2006,2012,2010,general,DCA
206,45,2009,,2010,general,DCA
206,45,2010,2011,2010,general,DCA
206,25,1996,,2002,general,DCA
206,25,2007,2009,2010,general,DCA
206,146,1997,2005,2010,general,DCA
206,187,2003,2004,2010,general,DIC
206,132,2006,2010,2010,general,DCA
206,123,2010,2013,2010,general,DCA
206,183,2004,2008,2010,general,DCA
206,183,2004,2005,2010,general,DIC
206,183,2010,2010,2010,sector,TREX
206,82,2000,,2006,sector,PROCUREMENT
206,53,2010,,2010,general,DCA
206,35,2008,,2010,general,DCA
21,161,2006,2007,2010,general,DCA
21,67,2001,,2007,general,DCA
21,67,2008,2008,2010,general,DCA
21,25,2007,,2010,general,DCA
21,146,1998,,2004,general,DCA
21,146,2006,,2010,general,DCA
21,96,2007,,2010,general,DCA
21,187,2007,,2010,general,DCA
21,183,1995,1997,2010,general,DCA
21,183,1996,1996,2010,sector,TREX
21,183,2002,,2008,sector,TREX
21,183,2006,2007,2010,general,DCA
21,183,2009,,2010,general,DIC
21,35,2005,,2010,general,DCA
21,134,1996,,2002,sector,TREX
21,134,2007,2007,2010,general,DIC
21,107,2004,,2010,sector,PROCUREMENT
161,67,1999,1999,2010,general,DCA
161,67,2000,2005,2010,general,DIC
161,25,1999,2000,2010,general,DCA
161,146,2006,2006,2010,general,DCA
161,147,2006,2006,2010,general,DCA
161,57,1999,2000,2010,general,DCA
161,96,2002,2002,2010,general,DCA
161,102,2005,2005,2010,general,DCA
161,187,2007,2007,2010,general,DCA
161,132,2002,2002,2010,general,DCA
161,47,1998,,2004,general,DCA
161,183,2001,2001,2010,general,DCA
161,84,1998,2000,2010,general,DCA
161,35,2007,2008,2010,general,DCA
67,45,2009,2009,2010,general,DCA
67,25,1991,,1997,general,DCA
67,25,1993,,1999,sector,RESEARCH
67,25,1998,,2004,general,DIC
67,25,2000,,2006,general,DCA
67,25,2002,,2008,general,DIC
67,25,2003,,2009,sector,TREX
67,25,2003,,2009,sector,TREX
67,25,2006,,2010,general,DCA
67,25,2010,,2010,general,DCA
67,116,2003,2004,2009,general,DCA
67,146,1995,,2001,general,DCA
67,146,1997,1997,2010,general,DIC
67,146,2002,,2007,general,DCA
67,147,1994,,2000,general,DCA
67,147,1995,1995,2010,general,DIC
67,147,1997,,2003,general,DIC
67,147,2006,,2010,general,DCA
67,57,2002,,2008,general,DCA
67,96,1999,,2005,general,DCA
67,96,2002,,2008,general,DCA
67,96,2007,,2010,general,DCA
67,187,1997,2003,2007,general,DCA
67,187,1999,2012,2010,general,DIC
67,7,1996,,2002,general,DCA
67,7,1998,,2004,general,DCA
67,7,1999,,2005,general,DIC
67,64,1997,,2003,general,DCA
67,64,1998,,2004,sector,TREX
67,60,2001,,2007,general,DCA
67,171,1999,,2010,general,DIC
67,186,1999,,2005,sector,TREX
67,182,1998,1998,2010,general,DCA
67,183,2003,,2009,sector,TREX
67,183,2010,,2010,sector,COMMISSION
67,84,1994,,2000,general,DIC
67,84,1999,,2005,general,DIC
67,188,2007,,2010,general,DCA
67,192,1998,,2004,general,DCA
67,35,2002,,2008,sector,COMMISSION
67,79,1998,,2004,general,DCA
67,8,1995,,2001,sector,COMMISSION
45,147,1996,1996,2010,general,DIC
45,7,2002,2006,2010,general,DIC
45,164,1999,1999,2010,general,DIC
25,116,1995,,2001,general,DCA
25,146,1994,,2000,general,DCA
25,146,1995,1996,2010,general,DCA
25,147,1992,,1998,general,DCA
25,147,1993,,1999,general,DIC
25,147,2002,2003,2010,general,DIC
25,57,2000,,2006,general,DCA
25,96,2001,,2007,general,DCA
25,102,2000,,2006,general,DCA
25,187,1992,1992,2002,general,DCA
25,187,1992,1992,1998,general,DIC
25,187,1994,1994,1999,general,DIC
25,187,2005,2005,2010,general,DCA
25,187,2008,2010,2010,general,DIC
25,15,1995,,2001,general,DCA
25,7,1996,,2002,general,DCA
25,64,1998,1999,2010,general,DCA
25,64,2007,,2010,sector,TREX
25,10,2002,,2008,general,DCA
25,60,2003,,2009,general,DCA
25,171,2006,2006,2010,general,DCA
25,132,1998,,2004,general,DCA
25,47,1998,,2004,general,DCA
25,109,2009,,2010,sector,TREX
25,164,1997,,2010,general,DCA
25,183,1992,1992,2010,sector,TREX
25,183,1993,,1999,general,DIC
25,183,1997,1997,2010,general,DCA
25,183,2008,,2010,sector,TREX
25,53,2008,,2010,general,DIC
25,88,2010,,2010,general,DCA
25,84,2000,,2006,general,DCA
25,89,1998,,2004,general,DCA
25,35,2003,,2009,general,DCA
25,35,2007,,2010,sector,COMMISSION
25,35,2008,,2010,sector,TREX
25,118,2006,,2010,general,DCA
25,79,1993,,1999,general,DCA
25,79,2000,,2006,general,DIC
25,28,1996,,2002,general,DCA
25,28,2010,,2010,sector,TREX
25,195,1996,1996,2010,general,DCA
25,195,2008,,2010,sector,TREX
116,146,1992,2001,2010,general,DCA
116,146,1997,,2003,sector,TREX
116,146,2000,2001,2010,sector,TREX
116,147,1994,1994,2010,general,DIC
116,147,1997,2001,2010,general,DCA
116,147,1997,2002,2010,general,DIC
116,96,2006,2006,2010,general,DCA
116,102,2006,,2010,general,DCA
116,187,1993,1993,2010,general,DCA
116,187,1995,,2001,general,DCA
116,187,1998,,2004,general,DIC
116,15,1993,1993,1999,general,DCA
116,15,1995,1995,2001,general,DIC
116,15,2004,2004,2010,sector,RESEARCH
116,183,1998,1999,2010,general,DCA
116,183,2000,2004,2010,general,DIC
116,183,2001,2002,2007,sector,TREX
116,35,2002,2002,2008,general,DCA
146,96,2001,,2007,general,DCA
146,102,1998,,2010,general,DCA
146,102,2010,,2010,general,DCA
146,187,1994,1994,2010,general,DCA
146,15,1996,,2002,general,DCA
146,7,1999,,2005,general,DCA
146,64,1998,2000,2010,general,DCA
146,64,1999,1999,2010,sector,TREX
146,10,1999,,2005,general,DCA
146,10,2006,2006,2010,general,DIC
146,171,2007,2009,2010,general,DCA
146,47,1998,,2004,sector,COMMISSION
146,155,2006,2011,2010,general,DCA
146,130,2010,2012,2010,general,DCA
146,164,2003,2004,2010,general,DCA
146,183,1992,2012,2010,sector,TREX
146,183,1992,1994,2010,general,DIC
146,183,2004,2004,2010,sector,RESEARCH
146,53,1983,,1989,sector,PROCUREMENT
146,53,2001,,2007,general,DIC
146,88,2004,2006,2010,general,DCA
146,84,2005,,2010,general,DCA
147,187,1993,1993,2010,sector,PROCUREMENT
147,187,1993,1993,2010,general,DIC
147,187,1994,1994,2010,general,DCA
147,187,1995,1995,2010,sector,PROCUREMENT
147,187,1995,2002,2010,general,DCA
147,15,1992,,2010,general,DCA
147,15,1993,1997,2010,general,DIC
147,15,1994,1994,2010,general,DIC
147,15,1995,,2001,sector,PROCUREMENT
147,15,1997,1999,2010,general,DCA
147,15,1999,,2005,general,DIC
147,15,2009,2011,2010,general,DIC
147,7,1992,1992,2010,general,DIC
147,7,1994,,2010,general,DIC
147,7,2003,2003,2010,sector,PROCUREMENT
147,7,2009,,2010,sector,PROCUREMENT
147,7,2010,,2010,sector,PROCUREMENT
147,64,1993,1993,2010,general,DIC
147,64,1996,,2002,sector,PROCUREMENT
147,64,2004,2004,2010,general,DCA
147,10,1993,1993,2010,general,DIC
147,10,2000,,2006,sector,TREX
147,10,2003,2003,2010,sector,PROCUREMENT
147,60,1994,,2000,general,DCA
147,132,1995,,2001,general,DCA
147,132,1997,,2003,sector,TREX
147,47,1994,1994,2010,general,DCA
147,31,2000,,2010,sector,PROCUREMENT
147,63,2002,,2010,sector,PROCUREMENT
147,109,2003,,2010,sector,PROCUREMENT
147,155,2007,2009,2010,sector,PROCUREMENT
147,18,2010,,2010,sector,PROCUREMENT
147,70,2001,,2010,sector,PROCUREMENT
147,26,2006,,2010,sector,PROCUREMENT
147,130,1984,,1990,sector,PROCUREMENT
147,130,2001,,2010,sector,PROCUREMENT
147,62,2002,2004,2010,sector,PROCUREMENT
147,33,2000,2008,2010,sector,PROCUREMENT
147,38,2001,,2007,sector,PROCUREMENT
147,39,1999,,2010,sector,PROCUREMENT
147,39,2001,2007,2010,sector,PROCUREMENT
147,186,2003,,2010,sector,PROCUREMENT
147,176,1998,,2004,general,DCA
147,58,1995,,2001,sector,PROCUREMENT
147,58,2001,,2007,sector,PROCUREMENT
147,58,2002,2002,2005,sector,PROCUREMENT
147,56,1997,1997,2010,sector,PROCUREMENT
147,4,1993,,1998,sector,PROCUREMENT
147,4,1998,,2007,sector,PROCUREMENT
147,4,2006,2007,2010,sector,PROCUREMENT
147,198,1999,,2010,sector,PROCUREMENT
147,164,1995,1995,2010,general,DCA
147,164,1995,,2010,general,DIC
147,123,1996,1996,2010,sector,PROCUREMENT
147,2,1999,1999,2010,sector,PROCUREMENT
147,2,2000,,2006,general,DCA
147,100,1999,,2005,sector,PROCUREMENT
147,168,2008,,2010,sector,TREX
147,81,2001,,2007,sector,PROCUREMENT
147,183,1993,,1999,general,DIC
147,183,1994,1994,2010,general,DIC
147,183,2002,2006,2010,general,DCA
147,173,1994,,2000,sector,PROCUREMENT
147,97,2010,2012,2010,sector,PROCUREMENT
147,88,2001,2001,2010,general,DIC
147,84,1995,,2001,sector,PROCUREMENT
147,84,2010,,2010,general,DCA
147,154,2008,,2010,general,DIC
147,196,1998,1998,2010,sector,PROCUREMENT
147,93,1993,,1999,sector,TREX
147,144,1998,,2010,general,DCA
147,175,1993,1993,2010,general,DCA
147,175,1994,2001,2010,general,DIC
147,175,1996,,2002,general,DCA
147,94,1993,1993,2010,general,DCA
147,94,1994,1994,2010,general,DIC
147,94,1996,,2002,general,DCA
147,94,1999,2001,2010,sector,PROCUREMENT
147,192,1994,1994,2010,general,DIC
147,192,1994,1995,2010,general,DCA
147,192,1995,1995,2010,general,DCA
147,192,1995,1995,2010,general,DIC
147,192,1999,2001,2010,general,DCA
147,89,1993,1993,2010,general,DIC
147,89,1994,1994,2010,general,DIC
147,89,1994,1998,2010,general,DCA
147,89,1994,1994,2010,sector,PROCUREMENT
147,89,2009,2013,2010,general,DIC
147,35,1992,,1998,sector,PROCUREMENT
147,35,1992,,1998,sector,PROCUREMENT
147,35,1993,,1998,sector,TREX
147,35,1995,,2001,sector,RESEARCH
147,35,1995,,2001,sector,PROCUREMENT
147,35,1996,,2002,sector,PROCUREMENT
147,35,1996,,2002,sector,PROCUREMENT
147,35,1999,,2005,sector,RESEARCH
147,35,2000,,2006,general,DCA
147,35,2010,,2010,sector,PROCUREMENT
147,118,1993,,1999,sector,PROCUREMENT
147,118,1997,,2003,sector,PROCUREMENT
147,51,2001,,2007,general,DIC
147,145,1992,,1998,sector,TREX
147,145,1995,,2001,sector,RESEARCH
147,145,1997,1997,2010,general,DIC
147,87,1999,1999,2006,sector,TREX
147,87,2006,2006,2010,sector,TREX
147,79,1993,1993,2010,general,DIC
147,79,1994,1994,1999,sector,PROCUREMENT
147,79,1998,1998,2010,sector,PROCUREMENT
147,79,1999,,2005,sector,TREX
147,79,2009,2010,2010,general,DIC
147,13,1999,,2010,sector,PROCUREMENT
147,122,2001,,2007,sector,PROCUREMENT
147,167,2004,2004,2010,sector,PROCUREMENT
147,28,1995,1995,2010,sector,PROCUREMENT
147,95,2007,,2010,sector,PROCUREMENT
147,195,1998,,2004,sector,PROCUREMENT
147,107,1994,,2000,sector,RESEARCH
147,107,1999,,2005,general,DIC
147,80,1996,1996,2001,general,DIC
147,80,2003,2012,2010,general,DIC
147,80,2006,,2010,sector,PROCUREMENT
57,187,1994,1994,2010,general,DCA
57,187,2003,,2009,general,DCA
57,7,2005,,2010,general,DCA
57,64,2001,2004,2010,general,DCA
57,10,2007,,2010,general,DCA
57,60,1996,,2002,general,DCA
57,171,2010,,2010,sector,PROCUREMENT
57,132,1995,,2001,general,DCA
57,47,1994,1994,2010,general,DCA
57,183,1995,1996,2010,general,DIC
57,183,2002,2002,2010,general,DCA
96,187,1994,1994,2010,general,DCA
96,187,2010,2010,2010,general,DCA
96,15,2004,,2010,general,DCA
96,7,2005,,2010,general,DCA
96,64,2002,2008,2010,general,DCA
96,64,2008,,2010,sector,TREX
96,10,2005,2005,2010,general,DCA
96,60,2001,,2007,general,DIC
96,171,2002,2003,2007,general,DCA
96,132,1995,,2001,general,DCA
96,132,2007,,2010,general,DCA
96,47,1994,1994,2010,general,DCA
96,183,1997,1997,2010,general,DCA
96,183,1999,2000,2010,sector,TREX
96,183,2000,2001,2010,general,DIC
96,84,2005,2005,2010,general,DIC
96,35,2006,,2010,general,DCA
102,187,2000,2000,2010,general,DCA
102,187,2001,,2007,sector,TREX
102,15,2010,2010,2010,general,DCA
102,7,2002,,2010,general,DCA
102,7,2004,,2010,sector,TREX
102,64,2001,2004,2010,general,DCA
102,10,2002,,2008,general,DCA
102,10,2004,,2010,sector,TREX
102,60,2001,2001,2010,general,DCA
102,60,2005,,2010,general,DIC
102,132,1995,,2001,general,DCA
102,47,1994,1994,2010,general,DCA
102,183,1995,1996,2010,general,DCA
102,183,1999,1999,2010,sector,TREX
102,183,2004,2009,2010,general,DIC
102,94,2008,,2010,general,DCA
102,192,2002,,2008,general,DCA
102,89,2008,2008,2010,general,DCA
102,35,2006,,2010,general,DCA
102,145,2010,,2010,general,DCA
187,15,1992,1992,2010,general,DIC
187,15,1992,1992,2010,sector,TREX
187,15,1992,1992,2010,general,DCA
187,15,1994,1994,2010,sector,PROCUREMENT
187,15,2000,,2006,general,DIC
187,15,2001,2002,2010,general,DIC
187,15,2005,2006,2010,sector,RESEARCH
187,15,2006,2006,2010,sector,RESEARCH
187,7,2002,2003,2010,general,DCA
187,64,1995,1995,2010,general,DCA
187,64,1996,,2010,sector,TREX
187,64,1996,1997,2010,sector,PROCUREMENT
187,64,1997,1997,2003,sector,COMMISSION
187,64,2005,,2010,sector,PROCUREMENT
187,10,1997,1997,2010,general,DCA
187,10,1997,1997,2010,sector,PROCUREMENT
187,10,1997,1997,2010,sector,TREX
187,10,2000,,2006,general,DCA
187,10,2004,2005,2010,general,DIC
187,10,2008,,2010,sector,PROCUREMENT
187,60,2001,,2007,general,DCA
187,171,2001,2001,2010,general,DCA
187,132,1999,,2005,general,DCA
187,47,1996,1996,2002,general,DCA
187,47,2006,2006,2010,general,DCA
187,55,2004,2006,2010,sector,PROCUREMENT
187,55,2005,2005,2010,general,DCA
187,63,2002,2002,2010,general,DCA
187,70,2009,,2010,sector,PROCUREMENT
187,186,1995,1995,2010,general,DCA
187,164,1995,1997,2010,general,DIC
187,164,1995,1995,2010,general,DCA
187,2,2008,2008,2010,sector,PROCUREMENT
187,100,2009,2010,2010,sector,PROCUREMENT
187,183,1994,1994,2010,general,DCA
187,183,1997,1997,2003,sector,TREX
187,183,1998,2000,2008,general,DIC
187,183,2007,2008,2010,general,DIC
187,82,2004,,2010,sector,TREX
187,82,2005,,2010,sector,PROCUREMENT
187,84,1999,,2005,general,DIC
187,84,2005,2005,2010,general,DCA
187,184,1996,1996,2010,general,DCA
187,184,2005,,2010,general,DCA
187,175,2005,,2010,general,DCA
187,175,2008,,2010,sector,TREX
187,94,1997,1997,2007,general,DIC
187,192,1994,1994,2010,general,DCA
187,192,1994,1994,2010,sector,TREX
187,192,1994,1995,2010,general,DIC
187,192,1998,1998,2010,general,DIC
187,192,2000,2000,2010,sector,PROCUREMENT
187,89,1994,1994,2006,general,DIC
187,89,1995,1995,2010,sector,TREX
187,89,1997,1997,2007,general,DCA
187,89,2005,2006,2010,general,DIC
187,89,2010,,2010,general,DCA
187,35,1995,1995,2005,general,DCA
187,35,1995,1995,2005,general,DIC
187,35,2002,,2008,general,DIC
187,118,2003,2003,2010,general,DCA
187,145,2006,2006,2010,general,DCA
187,145,2006,2007,2010,general,DIC
187,79,1992,,1998,sector,PROCUREMENT
187,79,2009,,2010,general,DCA
187,134,2006,2009,2010,general,DIC
187,167,2010,2011,2010,sector,PROCUREMENT
187,107,2007,2008,2010,general,DCA
187,80,1996,1996,2010,general,DIC
15,7,1999,2000,2010,general,DCA
15,7,2001,,2007,general,DIC
15,7,2002,2003,2010,sector,PROCUREMENT
15,10,2004,2005,2010,general,DIC
15,10,2004,,2010,general,DCA
15,130,2010,,2010,general,DIC
15,164,2006,2006,2010,general,DIC
15,168,2006,,2010,sector,TREX
15,81,1995,,2001,sector,PROCUREMENT
15,81,1998,,2004,sector,PROCUREMENT
15,81,2007,,2010,general,DCA
15,183,1997,1997,2010,general,DCA
15,183,1998,,2004,general,DIC
15,183,2010,,2010,general,DIC
15,173,1998,1998,2010,general,DIC
15,173,2010,,2010,general,DCA
15,97,2004,,2010,general,DIC
15,88,2008,,2010,general,DIC
15,144,2008,2009,2010,general,DCA
15,188,2007,,2010,general,DIC
15,184,2010,2010,2010,general,DCA
15,175,1998,1998,2010,general,DCA
15,175,1998,1998,2010,general,DIC
15,94,2000,2001,2010,general,DCA
15,192,1994,1995,2010,general,DIC
15,89,1998,1999,2010,general,DCA
15,89,1998,1999,2010,general,DIC
15,35,1996,,2002,general,DCA
15,35,1996,,2002,general,DIC
15,35,2005,,2010,sector,TREX
15,35,2006,,2010,general,DCA
15,35,2010,2011,2010,general,DCA
15,79,1993,,1999,general,DCA
15,195,2009,,2010,sector,TREX
7,64,2001,,2007,general,DCA
7,81,2002,,2008,general,DCA
7,81,2007,,2010,general,DCA
7,173,2001,,2007,general,DCA
7,97,2001,,2010,general,DIC
7,94,2002,2004,2008,general,DIC
7,35,1997,,2003,general,DIC
7,79,2003,,2009,general,DCA
64,10,2002,2003,2008,general,DCA
64,183,1996,1996,2010,general,DIC
64,183,1997,1997,2010,sector,TREX
64,183,1998,,2004,general,DCA
64,183,2001,,2007,general,DIC
64,183,2002,,2008,sector,TREX
64,84,1999,,2005,general,DCA
64,192,1995,1995,2001,general,DCA
64,192,1996,,2002,general,DCA
64,192,1996,,2002,general,DIC
64,89,1997,1999,2010,general,DCA
64,89,1997,1999,2010,general,DIC
10,81,2005,,2010,general,DCA
10,183,2000,,2006,general,DIC
10,183,2010,,2010,sector,RESEARCH
10,88,2007,,2010,sector,COMMISSION
10,12,2008,,2010,general,DCA
10,175,2006,,2010,general,DCA
10,175,2010,,2010,sector,TREX
10,94,2004,2006,2010,general,DCA
10,94,2005,,2010,sector,TREX
10,192,2009,,2010,general,DIC
10,89,2004,2004,2010,general,DCA
10,89,2007,2008,2010,general,DIC
10,89,2009,2009,2010,sector,TREX
10,35,2000,,2006,general,DCA
10,134,2002,,2010,general,DCA
10,134,2005,,2010,sector,PROCUREMENT
10,134,2007,,2010,general,DIC
60,171,1995,,2001,general,DIC
60,188,2007,,2010,general,DIC
171,132,1983,,1990,sector,PROCUREMENT
171,164,2000,2000,2010,general,DCA
171,154,2005,2005,2010,general,DCA
171,145,2009,2009,2010,general,DCA
171,79,2009,2009,2010,general,DCA
171,177,1998,1998,2010,sector,PROCUREMENT
171,107,1994,1994,2010,general,DIC
171,8,1994,1994,2010,general,DIC
171,8,2005,2005,2010,general,DIC
132,78,2007,2007,2010,general,DCA
132,183,1993,1994,2010,general,DIC
132,145,2008,,2010,sector,PROCUREMENT
132,8,1990,1990,1996,general,DIC
31,4,2003,,2009,general,DCA
71,4,2010,,2010,general,DCA
71,164,2007,2007,2010,general,DCA
55,164,2004,2004,2010,sector,COMMISSION
63,183,1990,,1996,sector,TREX
63,183,1999,1999,2010,general,DCA
63,183,2009,2009,2010,general,DCA
63,134,1998,,2004,sector,TREX
109,164,2005,,2010,general,DCA
109,183,2000,2006,2010,sector,TREX
109,183,2000,2006,2010,general,DCA
155,164,2008,2008,2010,general,DCA
155,183,1998,1999,2010,general,DCA
155,183,1998,,2004,sector,TREX
18,62,2010,,2010,sector,TREX
18,164,2008,2008,2010,general,DCA
112,183,2002,2002,2010,sector,TREX
26,183,2001,2002,2010,general,DCA
26,183,2001,2002,2010,sector,TREX
99,130,2007,,2010,sector,TREX
99,148,2008,,2010,general,DCA
66,130,2004,,2010,sector,TREX
66,164,2000,2000,2010,sector,TREX
179,164,1997,1997,2010,general,DCA
29,32,2006,2006,2010,sector,COMMISSION
130,164,2001,2001,2010,general,DCA
130,88,2006,,2010,general,DCA
130,79,2007,,2010,general,DCA
130,134,2010,,2010,general,DCA
130,134,2010,,2010,general,DIC
62,164,2006,2006,2010,general,DCA
32,164,2007,2007,2010,general,DCA
33,100,1980,,1986,general,DCA
33,53,2009,,2010,general,DCA
38,164,2008,2008,2010,general,DCA
38,183,2005,2007,2010,general,DCA
38,35,2000,,2006,sector,TREX
39,198,2000,,2006,general,DCA
39,164,2004,2004,2010,general,DCA
39,84,1983,,1989,sector,PROCUREMENT
186,4,2005,,2010,sector,TREX
186,53,1988,,1994,sector,TREX
90,148,2000,,2006,sector,TREX
176,27,2008,,2010,sector,TREX
148,58,2010,,2010,general,DCA
148,198,1998,,2004,sector,TREX
148,164,2004,,2010,general,DCA
163,164,1985,,1991,general,DCA
163,183,2010,2011,2010,general,DCA
58,164,2009,2009,2010,general,DCA
58,183,2006,,2010,general,DCA
58,183,2010,,2010,general,DIC
58,183,2010,,2010,general,DCA
58,84,1989,,1995,sector,PROCUREMENT
4,121,2010,,2010,general,DCA
4,198,2006,,2010,general,DCA
4,164,2005,,2010,general,DCA
121,121,1982,,1988,sector,TREX
121,198,1988,,1994,general,DCA
121,164,2000,,2006,general,DCA
121,164,2007,2007,2010,sector,COMMISSION
121,100,2002,,2008,sector,TREX
121,81,1996,,2002,general,DCA
121,79,2006,,2010,sector,TREX
197,164,2002,2002,2010,general,DCA
198,164,1996,,2002,general,DCA
198,164,2005,2005,2010,sector,COMMISSION
198,53,1993,,1999,general,DCA
198,35,2006,,2008,sector,TREX
198,134,2007,,2009,sector,TREX
106,164,2008,2008,2010,general,DCA
164,123,1997,1997,2010,sector,COMMISSION
164,123,1997,1997,2010,general,DCA
164,98,2000,2000,2010,general,DCA
164,22,2000,2000,2010,sector,COMMISSION
164,2,1998,,2004,sector,PROCUREMENT
164,2,2000,,2006,general,DCA
164,182,2005,2005,2010,general,DCA
164,168,2007,2007,2010,general,DCA
164,81,2004,,2010,general,DCA
164,88,2000,,2010,general,DIC
164,154,2003,2003,2010,general,DCA
164,93,2002,2010,2010,general,DCA
164,144,2002,2002,2010,general,DCA
164,144,2008,2008,2010,sector,COMMISSION
164,188,1999,,2009,general,DCA
164,35,2001,2001,2010,general,DCA
164,79,1996,,2002,sector,PROCUREMENT
164,79,2000,2000,2010,general,DCA
164,79,2003,2003,2010,sector,PROCUREMENT
164,134,1998,,2008,general,DCA
164,195,2006,2006,2010,general,DCA
164,107,1996,1996,2010,general,DCA
164,159,1997,,2003,general,DCA
164,159,1998,,2004,sector,TREX
164,80,2008,2008,2010,general,DCA
157,188,2009,,2010,general,DCA
120,144,2010,,2010,sector,TREX
120,188,2006,,2010,sector,TREX
2,182,1983,1983,2010,general,DCA
2,182,2001,,2007,general,DCA
2,183,2003,,2009,general,DCA
2,183,2009,2009,2010,sector,TREX
2,195,2008,,2010,sector,TREX
182,183,1990,1990,2010,general,DCA
182,183,1999,,2005,general,DCA
182,53,2001,,2007,sector,TREX
100,168,1985,,1991,general,DCA
168,81,2008,,2010,general,DCA
168,173,1998,,2004,general,DCA
168,35,2007,,2010,general,DCA
168,134,2005,,2010,general,DCA
168,107,2004,,2010,general,DCA
81,82,2008,,2010,general,DCA
81,173,1997,,2003,general,DCA
81,173,2007,,2010,general,DCA
81,173,2009,,2010,sector,COMMISSION
81,97,2008,,2010,sector,PROCUREMENT
81,93,2002,,2008,general,DCA
81,144,2010,,2010,general,DCA
81,133,1998,,2004,sector,TREX
81,133,2010,,2010,general,DCA
81,175,1998,,2004,general,DCA
81,175,2005,,2010,general,DCA
81,175,2010,,2010,general,DCA
81,35,1990,,2000,sector,RESEARCH
81,51,1989,,1995,general,DCA
81,79,2001,,2007,general,DCA
81,79,2003,,2009,general,DCA
81,134,1989,,1995,general,DCA
81,134,2002,,2008,general,DCA
81,134,2003,,2009,general,DCA
183,82,2009,2011,2010,general,DCA
183,53,1991,,1997,general,DCA
183,53,2009,2011,2010,general,DCA
183,173,2002,,2008,general,DCA
183,173,2009,,2010,general,DIC
183,97,2009,2011,2010,sector,TREX
183,97,2010,2011,2010,general,DCA
183,88,1984,,1990,sector,TREX
183,88,1996,,2002,sector,TREX
183,84,1996,,2002,general,DCA
183,84,1996,,2002,sector,RESEARCH
183,154,2010,2011,2010,general,DCA
183,12,2007,2008,2010,general,DCA
183,144,2007,2008,2010,general,DCA
183,188,2002,,2008,sector,TREX
183,133,2001,2001,2010,sector,TREX
183,0,2003,2003,2010,general,DCA
183,0,2003,2003,2010,sector,TREX
183,184,1992,1996,2010,sector,TREX
183,94,2000,2002,2006,general,DCA
183,94,2008,,2010,general,DCA
183,89,1993,1997,2010,sector,TREX
183,89,1994,1998,2010,general,DCA
183,89,1996,1996,2010,sector,TREX
183,89,1996,1997,2010,general,DIC
183,118,2001,,2007,general,DIC
183,145,1999,1999,2010,general,DCA
183,145,1999,1999,2010,sector,TREX
183,145,2006,,2010,general,DIC
183,134,1987,,1993,general,DIC
183,134,1993,,1999,general,DIC
183,134,1995,,2001,general,DIC
183,134,2001,2001,2010,general,DCA
183,134,2004,2005,2010,general,DIC
183,13,1981,1981,2010,sector,TREX
183,13,1997,1997,2010,general,DIC
183,13,2002,2002,2010,general,DCA
183,108,2010,2011,2010,general,DCA
183,107,1984,,1990,sector,TREX
183,107,1999,,2005,general,DIC
183,159,1991,,1997,sector,TREX
183,80,2010,,2010,general,DIC
183,8,2006,2009,2010,general,DCA
82,53,2009,,2010,general,DCA
82,88,2010,,2010,sector,TREX
53,154,1993,,1999,sector,TREX
53,93,1987,,1993,sector,TREX
53,145,2009,,2010,general,DIC
53,79,2008,,2010,sector,TREX
53,134,2002,,2008,sector,COMMISSION
97,88,2010,,2010,general,DCA
88,196,2006,,2010,general,DCA
88,35,2009,,2010,general,DCA
88,145,2009,2009,2010,general,DCA
154,134,2006,,2010,general,DCA
93,35,1995,,2001,general,DCA
93,145,2004,,2010,sector,TREX
93,13,1980,1980,2010,general,DCA
93,13,2004,,2010,sector,TREX
144,118,2007,,2010,sector,TREX
144,79,2008,2008,2010,general,DCA
188,145,2006,2007,2010,general,DCA
188,79,2003,,2009,general,DCA
188,134,2006,,2010,general,DCA
188,8,2007,2008,2010,general,DCA
133,79,2002,,2008,sector,TREX
133,79,2005,,2010,general,DIC
184,192,1996,1997,2002,general,DIC
175,94,2004,2006,2010,general,DCA
175,89,1999,2000,2010,general,DIC
175,89,1999,2000,2010,general,DCA
175,35,1998,,2004,sector,TREX
175,79,2002,,2008,sector,TREX
175,134,2009,,2010,general,DCA
94,192,1996,1998,2010,general,DCA
94,192,2000,2006,2006,general,DCA
94,89,1995,1995,2010,general,DIC
94,89,1997,2000,2010,general,DCA
94,89,1998,1998,2010,sector,TREX
94,89,2001,,2007,general,DCA
94,89,2004,2004,2010,sector,TREX
94,35,2004,,2010,general,DCA
94,79,2003,,2009,sector,RESEARCH
192,35,2000,,2006,general,DCA
192,145,2008,,2010,sector,TREX
192,79,2005,,2010,general,DCA
89,118,2006,2007,2010,general,DCA
89,145,2006,2006,2010,sector,TREX
89,145,2010,2010,2010,general,DCA
89,79,2002,,2010,general,DIC
89,134,2005,,2010,general,DCA
35,174,1995,,2001,sector,PROCUREMENT
35,145,2000,,2006,sector,TREX
35,145,2002,,2008,sector,TREX
35,145,2007,,2010,sector,TREX
35,87,1998,,2004,sector,TREX
35,87,2007,,2010,sector,TREX
35,79,2006,,2010,sector,TREX
35,134,1989,,1995,general,DIC
35,134,1990,,1996,general,DIC
35,134,2002,,2008,general,DIC
35,134,2003,,2009,general,DCA
35,134,2006,2006,2010,general,DCA
35,134,2008,,2010,general,DCA
35,134,2010,,2010,general,DIC
35,13,2002,2002,2010,general,DCA
35,122,1997,,2003,sector,TREX
35,195,2007,,2010,general,DCA
35,107,1999,,2005,general,DCA
35,107,2005,,2010,general,DCA
35,159,1997,,2003,sector,TREX
35,159,2008,,2010,general,DCA
35,24,2003,,2009,sector,TREX
35,141,1996,,2002,sector,TREX
35,141,2004,2005,2010,sector,COMMISSION
35,141,2005,,2010,sector,COMMISSION
35,80,2005,,2010,sector,RESEARCH
35,80,2007,,2010,general,DCA
35,80,2008,,2010,general,DIC
118,145,1999,,2005,sector,TREX
118,79,2001,,2007,general,DCA
118,79,2005,,2010,sector,COMMISSION
145,87,1992,,1998,sector,TREX
145,87,1995,,2001,sector,COMMISSION
145,79,2010,,2010,sector,RESEARCH
145,79,2010,,2010,general,DCA
145,134,1996,,2002,sector,PROCUREMENT
145,13,2004,2004,2010,general,DIC
145,177,1996,,2002,general,DIC
145,177,1997,,2003,sector,PROCUREMENT
145,177,2008,,2010,general,DIC
145,195,1999,,2005,sector,COMMISSION
145,195,2000,,2006,sector,TREX
145,107,2009,,2010,general,DIC
145,159,2009,,2010,general,DCA
145,141,1994,1994,2010,general,DIC
145,80,1995,,2001,general,DIC
145,80,2006,,2010,sector,PROCUREMENT
87,79,1997,,2003,sector,COMMISSION
87,195,1997,,2003,sector,TREX
87,159,2009,2009,2010,sector,TREX
87,8,2003,2007,2008,sector,TREX
87,8,2008,2008,2010,sector,TREX
79,79,2006,,2010,sector,PROCUREMENT
79,167,2004,,2010,general,DCA
79,28,2007,2007,2010,general,DCA
79,195,1994,,2000,general,DCA
79,195,2000,,2006,general,DCA
79,195,2007,,2010,general,DCA
79,107,1993,,1999,general,DCA
79,107,2008,,2010,general,DIC
79,159,2003,,2009,general,DCA
79,159,2005,,2010,sector,TREX
79,159,2007,,2010,sector,TREX
79,159,2008,2008,2010,sector,TREX
79,141,2006,,2010,general,DCA
79,80,2001,2006,2010,general,DCA
134,107,1997,,2003,general,DCA
134,107,2001,,2007,sector,PROCUREMENT
134,107,2005,,2010,general,DIC
134,24,2004,,2010,sector,TREX
134,80,2010,,2010,general,DCA
134,8,2010,,2010,general,DCA
177,95,1989,,1995,general,DCA
177,159,2004,,2010,sector,TREX
177,159,2004,,2010,sector,TREX
177,141,1997,1997,2010,general,DCA
95,195,1994,,2000,general,DCA
95,195,2005,,2010,general,DCA
95,195,2008,,2010,general,DCA
195,107,2008,,2010,general,DCA
195,159,2007,,2010,sector,TREX
195,159,2009,,2010,general,DCA
195,24,2005,,2010,general,DCA
195,141,2002,,2008,general,DCA
195,141,2010,,2010,sector,COMMISSION
195,80,2010,,2010,general,DCA
107,159,1995,,2001,general,DIC
107,24,1992,,1998,general,DCA
107,141,1994,1994,2010,general,DCA
107,80,1992,,1998,general,DCA
107,80,2006,,2010,general,DCA
107,127,1996,,2002,general,DCA
159,24,1981,,1987,general,DCA
159,141,1994,,2000,sector,TREX
159,80,1989,,1995,sector,TREX
159,80,2007,,2010,general,DCA
159,8,1988,,1994,sector,TREX
159,8,1993,1993,2003,sector,RESEARCH
159,8,1996,,2002,sector,TREX
159,8,2008,,2010,general,DCA
159,127,2009,,2010,general,DCA
24,141,2001,2002,2010,general,DCA
24,80,1999,,2005,sector,TREX
24,80,2003,2010,2010,general,DCA
24,8,1999,,2005,general,DCA
141,80,1997,2010,2010,general,DCA
141,8,1995,1995,2010,general,DCA
141,8,2007,,2010,general,DCA
80,178,2009,,2010,sector,TREX
80,8,1995,1996,1998,general,DCA
80,8,2006,2008,2010,general,DCA
80,8,2008,,2010,general,DIC
80,138,1995,,2001,general,DCA
80,138,2010,,2010,general,DCA
